"relative_path","bytes","publication_status"
"holdout_GSE162931_GBM022_seed20260906\final_step_002894517.pt","5161679615","local_only"
"holdout_GSE162931_GBM022_seed20260906\latest.pt","5161677471","local_only"
"holdout_GSE162931_GBM131_seed20260906\final_step_002890942.pt","5161679615","local_only"
"holdout_GSE162931_GBM131_seed20260906\latest.pt","5161677471","local_only"
"holdout_GSE162931_GBM827_seed20260906\final_step_002901322.pt","5161679615","local_only"
"holdout_GSE162931_GBM827_seed20260906\latest.pt","5161677471","local_only"
"holdout_GSE162931_GBM827_seed20260907\final_step_002895611.pt","5161679615","local_only"
"holdout_GSE162931_GBM827_seed20260907\latest.pt","5161677471","local_only"
"holdout_GSE255800_BEAS-2B_seed20260906\final_step_002894278.pt","5161679615","local_only"
"holdout_GSE255800_BEAS-2B_seed20260906\latest.pt","5161677471","local_only"
"holdout_GSE255800_BEAS-2B_seed20260907\final_step_002896026.pt","5161679615","local_only"
"holdout_GSE255800_BEAS-2B_seed20260907\latest.pt","5161677471","local_only"
"holdout_GSE310219_MCF10A_seed20260906\final_step_002899516.pt","5161679615","local_only"
"holdout_GSE310219_MCF10A_seed20260906\latest.pt","5161677471","local_only"
"holdout_GSE310219_MCF10A_seed20260907\final_step_002902301.pt","5161679615","local_only"
"holdout_GSE310219_MCF10A_seed20260907\latest.pt","5161677471","local_only"
"main_XL_8gpu\latest_model.pt","4328753419","local_only"
"pilot_L_mask15\latest_model.pt","2432750533","local_only"
"pilot_L_mask30\latest_model.pt","2432750533","local_only"
"pilot_M_base_s1\latest_model.pt","1602289605","local_only"
"pilot_M_base_s2\latest_model.pt","1602289605","local_only"
"pilot_M_mask30\latest_model.pt","1602289605","local_only"
"pilot_XL_mask15\latest_model.pt","4328753419","local_only"
"pilot_XL_mask30_vic\latest_model.pt","4328753419","local_only"
"pilot_XXL_mask30_vic\latest_model.pt","7061582999","local_only"
